FlightId,SeatNumber,Availability,ReservedBy
1,1A,Occupied,User_565,No,No
1,1B,Occupied,admin,No,No
1,1C,Occupied,User_101,No,No
1,1D,Occupied,User_215,No,No
1,2A,Occupied,User_833,No,No
1,2B,Occupied,User_833,No,No
1,2C,Occupied,admin,No,No
1,2D,Occupied,admin,No,No
1,3A,Occupied,User_565,No,No
1,3B,Occupied,User_632,No,No
1,3C,Occupied,User_833,No,No
1,3D,Occupied,admin,No,No
1,4A,Occupied,User_833,No,No
1,4B,Occupied,admin,No,No
1,4C,Occupied,User_565,No,No
1,4D,Occupied,admin,No,No
1,5A,Occupied,admin,Yes,Yes
1,5B,Available,,No,No
1,5C,Occupied,User_874,No,No
1,5D,Available,,No,No
1,6A,Available,,No,No
1,6B,Occupied,User_527,No,No
1,6C,Available,,No,No
1,6D,Occupied,User_398,No,No
1,7A,Available,,No,No
1,7B,Occupied,User_874,No,No
1,7C,Available,,No,No
1,7D,Occupied,User_527,No,No
1,8A,Available,,No,No
1,8B,Occupied,User_833,No,No
1,8C,Available,,No,No
1,8D,Available,,No,No
1,9A,Occupied,User_215,No,No
1,9B,Occupied,User_101,No,No
1,9C,Available,,No,No
1,9D,Available,,No,No
1,10A,Occupied,User_632,No,No
1,10B,Available,,No,No
1,10C,Occupied,User_503,No,No
1,10D,Available,,No,No
1,11A,Available,,No,No
1,11B,Occupied,User_527,No,No
1,11C,Available,,No,No
1,11D,Occupied,admin,No,No
1,12A,Occupied,User_503,No,No
1,12B,Occupied,User_632,No,No
1,12C,Occupied,User_565,No,No
1,12D,Available,,No,No
1,13A,Occupied,User_782,No,No
1,13B,Occupied,User_632,No,No
1,13C,Occupied,User_215,No,No
1,13D,Occupied,User_833,No,No
1,14A,Occupied,User_833,No,No
1,14B,Occupied,User_398,No,No
1,14C,Occupied,User_503,No,No
1,14D,Available,,No,No
1,15A,Available,,No,No
1,15B,Occupied,User_398,No,No
1,15C,Available,,No,No
1,15D,Occupied,admin,No,No
2,1A,Available,,No,No
2,1B,Available,,No,No
2,1C,Occupied,User_833,No,No
2,1D,Available,,No,No
2,2A,Available,,No,No
2,2B,Available,,No,No
2,2C,Available,,No,No
2,2D,Available,,No,No
2,3A,Occupied,User_215,No,No
2,3B,Occupied,User_503,No,No
2,3C,Occupied,User_833,No,No
2,3D,Occupied,User_215,No,No
2,4A,Available,,No,No
2,4B,Available,,No,No
2,4C,Occupied,User_632,No,No
2,4D,Occupied,User_833,No,No
2,5A,Occupied,User_874,No,No
2,5B,Available,,No,No
2,5C,Available,,No,No
2,5D,Available,,No,No
2,6A,Occupied,User_874,No,No
2,6B,Available,,No,No
2,6C,Available,,No,No
2,6D,Available,,No,No
2,7A,Available,,No,No
2,7B,Occupied,User_833,No,No
2,7C,Available,,No,No
2,7D,Available,,No,No
2,8A,Available,,No,No
2,8B,Available,,No,No
2,8C,Occupied,User_101,No,No
2,8D,Available,,No,No
2,9A,Occupied,User_632,No,No
2,9B,Available,,No,No
2,9C,Available,,No,No
2,9D,Occupied,User_782,No,No
2,10A,Available,,No,No
2,10B,Occupied,User_632,No,No
2,10C,Occupied,User_565,No,No
2,10D,Available,,No,No
2,11A,Available,,No,No
2,11B,Occupied,User_632,No,No
2,11C,Available,,No,No
2,11D,Occupied,User_503,No,No
2,12A,Available,,No,No
2,12B,Occupied,User_101,No,No
2,12C,Occupied,User_874,No,No
2,12D,Available,,No,No
2,13A,Available,,No,No
2,13B,Occupied,User_782,No,No
2,13C,Available,,No,No
2,13D,Occupied,User_565,No,No
2,14A,Available,,No,No
2,14B,Available,,No,No
2,14C,Available,,No,No
2,14D,Available,,No,No
2,15A,Available,,No,No
2,15B,Available,,No,No
2,15C,Occupied,User_503,No,No
2,15D,Occupied,User_874,No,No
3,1A,Available,,No,No
3,1B,Available,,No,No
3,1C,Available,,No,No
3,1D,Occupied,User_503,No,No
3,2A,Available,,No,No
3,2B,Occupied,User_833,No,No
3,2C,Available,,No,No
3,2D,Occupied,admin,No,No
3,3A,Available,,No,No
3,3B,Available,,No,No
3,3C,Occupied,User_527,No,No
3,3D,Occupied,User_398,No,No
3,4A,Available,,No,No
3,4B,Occupied,admin,No,No
3,4C,Occupied,User_874,No,No
3,4D,Occupied,User_833,No,No
3,5A,Available,,No,No
3,5B,Available,,No,No
3,5C,Available,,No,No
3,5D,Occupied,User_398,No,No
3,6A,Available,,No,No
3,6B,Occupied,User_101,No,No
3,6C,Available,,No,No
3,6D,Available,,No,No
3,7A,Available,,No,No
3,7B,Available,,No,No
3,7C,Available,,No,No
3,7D,Occupied,admin,No,No
3,8A,Available,,No,No
3,8B,Available,,No,No
3,8C,Available,,No,No
3,8D,Available,,No,No
3,9A,Available,,No,No
3,9B,Available,,No,No
3,9C,Occupied,User_503,No,No
3,9D,Available,,No,No
3,10A,Available,,No,No
3,10B,Occupied,User_398,No,No
3,10C,Occupied,User_527,No,No
3,10D,Occupied,User_101,No,No
3,11A,Available,,No,No
3,11B,Available,,No,No
3,11C,Available,,No,No
3,11D,Available,,No,No
3,12A,Occupied,User_527,No,No
3,12B,Occupied,User_565,No,No
3,12C,Available,,No,No
3,12D,Occupied,User_101,No,No
3,13A,Occupied,User_101,No,No
3,13B,Available,,No,No
3,13C,Available,,No,No
3,13D,Occupied,User_503,No,No
3,14A,Available,,No,No
3,14B,Occupied,admin,No,No
3,14C,Occupied,User_874,No,No
3,14D,Occupied,User_833,No,No
3,15A,Occupied,User_503,No,No
3,15B,Occupied,User_503,No,No
3,15C,Available,,No,No
3,15D,Occupied,User_874,No,No
4,1A,Available,,No,No
4,1B,Occupied,User_398,No,No
4,1C,Available,,No,No
4,1D,Available,,No,No
4,2A,Occupied,User_874,No,No
4,2B,Occupied,User_527,No,No
4,2C,Available,,No,No
4,2D,Available,,No,No
4,3A,Occupied,User_101,No,No
4,3B,Occupied,User_215,No,No
4,3C,Available,,No,No
4,3D,Available,,No,No
4,4A,Occupied,User_503,No,No
4,4B,Occupied,User_782,No,No
4,4C,Available,,No,No
4,4D,Occupied,User_833,No,No
4,5A,Available,,No,No
4,5B,Occupied,User_782,No,No
4,5C,Available,,No,No
4,5D,Available,,No,No
4,6A,Occupied,User_101,No,No
4,6B,Occupied,User_632,No,No
4,6C,Occupied,User_632,No,No
4,6D,Available,,No,No
4,7A,Available,,No,No
4,7B,Available,,No,No
4,7C,Occupied,User_215,No,No
4,7D,Available,,No,No
4,8A,Occupied,User_632,No,No
4,8B,Occupied,User_565,No,No
4,8C,Occupied,User_565,No,No
4,8D,Occupied,User_632,No,No
4,9A,Available,,No,No
4,9B,Occupied,User_782,No,No
4,9C,Occupied,User_874,No,No
4,9D,Occupied,User_503,No,No
4,10A,Occupied,User_503,No,No
4,10B,Available,,No,No
4,10C,Available,,No,No
4,10D,Available,,No,No
4,11A,Occupied,admin,No,No
4,11B,Available,,No,No
4,11C,Available,,No,No
4,11D,Occupied,User_215,No,No
4,12A,Available,,No,No
4,12B,Occupied,User_874,No,No
4,12C,Available,,No,No
4,12D,Occupied,User_503,No,No
4,13A,Available,,No,No
4,13B,Occupied,User_215,No,No
4,13C,Available,,No,No
4,13D,Occupied,admin,No,No
4,14A,Occupied,User_101,No,No
4,14B,Available,,No,No
4,14C,Available,,No,No
4,14D,Available,,No,No
4,15A,Occupied,User_503,No,No
4,15B,Available,,No,No
4,15C,Available,,No,No
4,15D,Occupied,User_215,No,No
5,1A,Occupied,User_503,No,No
5,1B,Available,,No,No
5,1C,Occupied,User_527,No,No
5,1D,Occupied,User_101,No,No
5,2A,Occupied,User_527,No,No
5,2B,Available,,No,No
5,2C,Available,,No,No
5,2D,Available,,No,No
5,3A,Available,,No,No
5,3B,Occupied,User_782,No,No
5,3C,Occupied,admin,No,No
5,3D,Available,,No,No
5,4A,Occupied,User_527,No,No
5,4B,Occupied,User_527,No,No
5,4C,Occupied,User_632,No,No
5,4D,Available,,No,No
5,5A,Available,,No,No
5,5B,Occupied,User_782,No,No
5,5C,Occupied,User_782,No,No
5,5D,Available,,No,No
5,6A,Available,,No,No
5,6B,Occupied,User_565,No,No
5,6C,Available,,No,No
5,6D,Occupied,User_101,No,No
5,7A,Occupied,admin,No,No
5,7B,Available,,No,No
5,7C,Occupied,User_782,No,No
5,7D,Occupied,User_782,No,No
5,8A,Occupied,User_527,No,No
5,8B,Available,,No,No
5,8C,Available,,No,No
5,8D,Occupied,User_503,No,No
5,9A,Occupied,User_833,No,No
5,9B,Available,,No,No
5,9C,Available,,No,No
5,9D,Available,,No,No
5,10A,Available,,No,No
5,10B,Occupied,User_398,No,No
5,10C,Occupied,User_565,No,No
5,10D,Available,,No,No
5,11A,Occupied,User_503,No,No
5,11B,Occupied,User_101,No,No
5,11C,Occupied,User_503,No,No
5,11D,Occupied,User_215,No,No
5,12A,Available,,No,No
5,12B,Available,,No,No
5,12C,Occupied,admin,No,No
5,12D,Available,,No,No
5,13A,Available,,No,No
5,13B,Occupied,User_782,No,No
5,13C,Available,,No,No
5,13D,Occupied,admin,No,No
5,14A,Available,,No,No
5,14B,Available,,No,No
5,14C,Available,,No,No
5,14D,Available,,No,No
5,15A,Available,,No,No
5,15B,Available,,No,No
5,15C,Available,,No,No
5,15D,Occupied,User_565,No,No
6,1A,Available,,No,No
6,1B,Occupied,User_503,No,No
6,1C,Available,,No,No
6,1D,Occupied,admin,No,No
6,2A,Available,,No,No
6,2B,Occupied,User_215,No,No
6,2C,Occupied,admin,No,No
6,2D,Occupied,User_874,No,No
6,3A,Occupied,User_398,No,No
6,3B,Occupied,User_398,No,No
6,3C,Available,,No,No
6,3D,Available,,No,No
6,4A,Occupied,User_527,No,No
6,4B,Occupied,User_101,No,No
6,4C,Occupied,User_833,No,No
6,4D,Available,,No,No
6,5A,Available,,No,No
6,5B,Available,,No,No
6,5C,Occupied,User_565,No,No
6,5D,Available,,No,No
6,6A,Occupied,User_527,No,No
6,6B,Available,,No,No
6,6C,Available,,No,No
6,6D,Available,,No,No
6,7A,Occupied,User_503,No,No
6,7B,Available,,No,No
6,7C,Available,,No,No
6,7D,Available,,No,No
6,8A,Available,,No,No
6,8B,Occupied,User_874,No,No
6,8C,Available,,No,No
6,8D,Available,,No,No
6,9A,Available,,No,No
6,9B,Occupied,User_503,No,No
6,9C,Occupied,User_833,No,No
6,9D,Available,,No,No
6,10A,Available,,No,No
6,10B,Available,,No,No
6,10C,Available,,No,No
6,10D,Available,,No,No
6,11A,Available,,No,No
6,11B,Available,,No,No
6,11C,Available,,No,No
6,11D,Occupied,User_565,No,No
6,12A,Occupied,admin,No,No
6,12B,Occupied,User_215,No,No
6,12C,Available,,No,No
6,12D,Available,,No,No
6,13A,Available,,No,No
6,13B,Available,,No,No
6,13C,Occupied,User_398,No,No
6,13D,Occupied,User_101,No,No
6,14A,Available,,No,No
6,14B,Occupied,User_632,No,No
6,14C,Available,,No,No
6,14D,Available,,No,No
6,15A,Available,,No,No
6,15B,Available,,No,No
6,15C,Available,,No,No
6,15D,Occupied,User_215,No,No
7,1A,Available,,No,No
7,1B,Occupied,User_632,No,No
7,1C,Occupied,User_874,No,No
7,1D,Available,,No,No
7,2A,Available,,No,No
7,2B,Available,,No,No
7,2C,Available,,No,No
7,2D,Available,,No,No
7,3A,Occupied,User_632,No,No
7,3B,Occupied,User_874,No,No
7,3C,Occupied,User_874,No,No
7,3D,Occupied,User_101,No,No
7,4A,Occupied,User_215,No,No
7,4B,Occupied,User_632,No,No
7,4C,Occupied,admin,No,No
7,4D,Occupied,admin,No,No
7,5A,Available,,No,No
7,5B,Available,,No,No
7,5C,Occupied,User_215,No,No
7,5D,Occupied,User_503,No,No
7,6A,Available,,No,No
7,6B,Available,,No,No
7,6C,Occupied,User_782,No,No
7,6D,Available,,No,No
7,7A,Occupied,User_101,No,No
7,7B,Occupied,User_833,No,No
7,7C,Available,,No,No
7,7D,Occupied,User_527,No,No
7,8A,Available,,No,No
7,8B,Occupied,User_215,No,No
7,8C,Available,,No,No
7,8D,Available,,No,No
7,9A,Occupied,User_398,No,No
7,9B,Occupied,User_833,No,No
7,9C,Available,,No,No
7,9D,Available,,No,No
7,10A,Occupied,User_398,No,No
7,10B,Occupied,admin,No,No
7,10C,Available,,No,No
7,10D,Occupied,User_215,No,No
7,11A,Occupied,User_565,No,No
7,11B,Available,,No,No
7,11C,Available,,No,No
7,11D,Occupied,User_874,No,No
7,12A,Occupied,User_632,No,No
7,12B,Available,,No,No
7,12C,Available,,No,No
7,12D,Occupied,User_101,No,No
7,13A,Occupied,User_833,No,No
7,13B,Occupied,User_833,No,No
7,13C,Occupied,User_503,No,No
7,13D,Occupied,admin,No,No
7,14A,Available,,No,No
7,14B,Available,,No,No
7,14C,Available,,No,No
7,14D,Occupied,User_632,No,No
7,15A,Available,,No,No
7,15B,Occupied,User_874,No,No
7,15C,Occupied,User_833,No,No
7,15D,Available,,No,No
8,1A,Occupied,User_215,No,No
8,1B,Available,,No,No
8,1C,Occupied,User_632,No,No
8,1D,Occupied,User_527,No,No
8,2A,Occupied,User_833,No,No
8,2B,Available,,No,No
8,2C,Occupied,User_833,No,No
8,2D,Available,,No,No
8,3A,Occupied,User_833,No,No
8,3B,Occupied,User_632,No,No
8,3C,Occupied,User_101,No,No
8,3D,Available,,No,No
8,4A,Available,,No,No
8,4B,Occupied,User_874,No,No
8,4C,Available,,No,No
8,4D,Occupied,User_782,No,No
8,5A,Available,,No,No
8,5B,Occupied,User_101,No,No
8,5C,Occupied,User_398,No,No
8,5D,Occupied,User_101,No,No
8,6A,Occupied,User_101,No,No
8,6B,Available,,No,No
8,6C,Available,,No,No
8,6D,Available,,No,No
8,7A,Occupied,User_101,No,No
8,7B,Available,,No,No
8,7C,Occupied,User_101,No,No
8,7D,Occupied,User_632,No,No
8,8A,Available,,No,No
8,8B,Available,,No,No
8,8C,Available,,No,No
8,8D,Occupied,User_527,No,No
8,9A,Available,,No,No
8,9B,Occupied,User_782,No,No
8,9C,Available,,No,No
8,9D,Available,,No,No
8,10A,Occupied,User_833,No,No
8,10B,Available,,No,No
8,10C,Occupied,User_632,No,No
8,10D,Available,,No,No
8,11A,Available,,No,No
8,11B,Available,,No,No
8,11C,Occupied,User_632,No,No
8,11D,Available,,No,No
8,12A,Available,,No,No
8,12B,Occupied,admin,No,No
8,12C,Occupied,admin,No,No
8,12D,Available,,No,No
8,13A,Available,,No,No
8,13B,Occupied,User_565,No,No
8,13C,Available,,No,No
8,13D,Occupied,User_874,No,No
8,14A,Occupied,User_398,No,No
8,14B,Available,,No,No
8,14C,Occupied,User_632,No,No
8,14D,Available,,No,No
8,15A,Occupied,User_527,No,No
8,15B,Occupied,User_398,No,No
8,15C,Available,,No,No
8,15D,Available,,No,No
9,1A,Available,,No,No
9,1B,Occupied,User_101,No,No
9,1C,Occupied,admin,No,No
9,1D,Occupied,User_503,No,No
9,2A,Occupied,User_833,No,No
9,2B,Available,,No,No
9,2C,Occupied,User_503,No,No
9,2D,Available,,No,No
9,3A,Available,,No,No
9,3B,Occupied,User_833,No,No
9,3C,Occupied,User_101,No,No
9,3D,Occupied,User_565,No,No
9,4A,Available,,No,No
9,4B,Occupied,User_632,No,No
9,4C,Available,,No,No
9,4D,Available,,No,No
9,5A,Available,,No,No
9,5B,Occupied,User_215,No,No
9,5C,Available,,No,No
9,5D,Occupied,User_874,No,No
9,6A,Occupied,User_215,No,No
9,6B,Available,,No,No
9,6C,Available,,No,No
9,6D,Occupied,User_398,No,No
9,7A,Available,,No,No
9,7B,Occupied,User_782,No,No
9,7C,Occupied,User_101,No,No
9,7D,Available,,No,No
9,8A,Occupied,User_632,No,No
9,8B,Available,,No,No
9,8C,Occupied,User_874,No,No
9,8D,Occupied,User_527,No,No
9,9A,Available,,No,No
9,9B,Occupied,User_874,No,No
9,9C,Available,,No,No
9,9D,Occupied,User_833,No,No
9,10A,Available,,No,No
9,10B,Occupied,User_503,No,No
9,10C,Available,,No,No
9,10D,Occupied,User_398,No,No
9,11A,Available,,No,No
9,11B,Occupied,User_833,No,No
9,11C,Available,,No,No
9,11D,Occupied,User_874,No,No
9,12A,Available,,No,No
9,12B,Occupied,User_503,No,No
9,12C,Available,,No,No
9,12D,Available,,No,No
9,13A,Occupied,User_565,No,No
9,13B,Available,,No,No
9,13C,Occupied,User_398,No,No
9,13D,Available,,No,No
9,14A,Available,,No,No
9,14B,Available,,No,No
9,14C,Occupied,User_874,No,No
9,14D,Available,,No,No
9,15A,Available,,No,No
9,15B,Occupied,User_632,No,No
9,15C,Occupied,User_215,No,No
9,15D,Available,,No,No
10,1A,Occupied,User_782,No,No
10,1B,Available,,No,No
10,1C,Occupied,User_101,No,No
10,1D,Available,,No,No
10,2A,Occupied,User_101,No,No
10,2B,Available,,No,No
10,2C,Available,,No,No
10,2D,Occupied,User_632,No,No
10,3A,Occupied,User_101,No,No
10,3B,Available,,No,No
10,3C,Available,,No,No
10,3D,Occupied,User_782,No,No
10,4A,Available,,No,No
10,4B,Occupied,User_215,No,No
10,4C,Occupied,User_632,No,No
10,4D,Available,,No,No
10,5A,Available,,No,No
10,5B,Occupied,User_565,No,No
10,5C,Occupied,User_632,No,No
10,5D,Occupied,User_398,No,No
10,6A,Available,,No,No
10,6B,Available,,No,No
10,6C,Occupied,User_833,No,No
10,6D,Occupied,User_565,No,No
10,7A,Available,,No,No
10,7B,Occupied,User_565,No,No
10,7C,Available,,No,No
10,7D,Available,,No,No
10,8A,Occupied,User_215,No,No
10,8B,Occupied,User_874,No,No
10,8C,Available,,No,No
10,8D,Occupied,User_101,No,No
10,9A,Occupied,User_527,No,No
10,9B,Occupied,User_565,No,No
10,9C,Available,,No,No
10,9D,Occupied,User_101,No,No
10,10A,Occupied,User_782,No,No
10,10B,Available,,No,No
10,10C,Available,,No,No
10,10D,Occupied,User_215,No,No
10,11A,Available,,No,No
10,11B,Available,,No,No
10,11C,Available,,No,No
10,11D,Occupied,User_833,No,No
10,12A,Occupied,User_215,No,No
10,12B,Available,,No,No
10,12C,Occupied,User_833,No,No
10,12D,Available,,No,No
10,13A,Available,,No,No
10,13B,Available,,No,No
10,13C,Occupied,User_833,No,No
10,13D,Occupied,User_782,No,No
10,14A,Available,,No,No
10,14B,Available,,No,No
10,14C,Occupied,User_101,No,No
10,14D,Occupied,admin,No,No
10,15A,Available,,No,No
10,15B,Occupied,User_101,No,No
10,15C,Occupied,User_782,No,No
10,15D,Available,,No,No
11,1A,Available,,No,No
11,1B,Available,,No,No
11,1C,Occupied,User_398,No,No
11,1D,Available,,No,No
11,2A,Available,,No,No
11,2B,Occupied,User_565,No,No
11,2C,Occupied,User_632,No,No
11,2D,Available,,No,No
11,3A,Occupied,User_632,No,No
11,3B,Occupied,User_398,No,No
11,3C,Available,,No,No
11,3D,Available,,No,No
11,4A,Available,,No,No
11,4B,Occupied,User_527,No,No
11,4C,Occupied,User_833,No,No
11,4D,Available,,No,No
11,5A,Occupied,User_833,No,No
11,5B,Available,,No,No
11,5C,Available,,No,No
11,5D,Occupied,User_527,No,No
11,6A,Available,,No,No
11,6B,Available,,No,No
11,6C,Available,,No,No
11,6D,Occupied,admin,No,No
11,7A,Available,,No,No
11,7B,Occupied,User_833,No,No
11,7C,Occupied,User_782,No,No
11,7D,Available,,No,No
11,8A,Occupied,User_874,No,No
11,8B,Occupied,User_215,No,No
11,8C,Occupied,User_398,No,No
11,8D,Available,,No,No
11,9A,Available,,No,No
11,9B,Occupied,User_101,No,No
11,9C,Available,,No,No
11,9D,Occupied,User_101,No,No
11,10A,Available,,No,No
11,10B,Available,,No,No
11,10C,Occupied,User_632,No,No
11,10D,Available,,No,No
11,11A,Available,,No,No
11,11B,Occupied,User_632,No,No
11,11C,Available,,No,No
11,11D,Available,,No,No
11,12A,Occupied,User_503,No,No
11,12B,Available,,No,No
11,12C,Occupied,User_503,No,No
11,12D,Occupied,User_874,No,No
11,13A,Occupied,User_874,No,No
11,13B,Available,,No,No
11,13C,Occupied,User_101,No,No
11,13D,Occupied,User_215,No,No
11,14A,Available,,No,No
11,14B,Available,,No,No
11,14C,Occupied,User_101,No,No
11,14D,Occupied,User_874,No,No
11,15A,Available,,No,No
11,15B,Occupied,admin,No,No
11,15C,Available,,No,No
11,15D,Occupied,User_782,No,No
12,1A,Occupied,User_101,No,No
12,1B,Occupied,User_874,No,No
12,1C,Available,,No,No
12,1D,Occupied,User_527,No,No
12,2A,Occupied,User_398,No,No
12,2B,Available,,No,No
12,2C,Available,,No,No
12,2D,Available,,No,No
12,3A,Available,,No,No
12,3B,Occupied,User_398,No,No
12,3C,Available,,No,No
12,3D,Occupied,User_782,No,No
12,4A,Available,,No,No
12,4B,Available,,No,No
12,4C,Occupied,User_215,No,No
12,4D,Occupied,User_101,No,No
12,5A,Occupied,User_782,No,No
12,5B,Occupied,User_527,No,No
12,5C,Available,,No,No
12,5D,Occupied,User_565,No,No
12,6A,Occupied,User_101,No,No
12,6B,Occupied,User_565,No,No
12,6C,Available,,No,No
12,6D,Available,,No,No
12,7A,Occupied,User_101,No,No
12,7B,Occupied,User_215,No,No
12,7C,Occupied,User_101,No,No
12,7D,Occupied,admin,No,No
12,8A,Available,,No,No
12,8B,Available,,No,No
12,8C,Occupied,User_503,No,No
12,8D,Occupied,User_215,No,No
12,9A,Occupied,User_782,No,No
12,9B,Available,,No,No
12,9C,Available,,No,No
12,9D,Occupied,User_398,No,No
12,10A,Occupied,User_215,No,No
12,10B,Available,,No,No
12,10C,Available,,No,No
12,10D,Occupied,User_565,No,No
12,11A,Available,,No,No
12,11B,Occupied,User_527,No,No
12,11C,Occupied,User_874,No,No
12,11D,Available,,No,No
12,12A,Available,,No,No
12,12B,Occupied,User_874,No,No
12,12C,Available,,No,No
12,12D,Available,,No,No
12,13A,Occupied,User_398,No,No
12,13B,Available,,No,No
12,13C,Available,,No,No
12,13D,Available,,No,No
12,14A,Occupied,User_565,No,No
12,14B,Occupied,User_565,No,No
12,14C,Occupied,User_503,No,No
12,14D,Available,,No,No
12,15A,Available,,No,No
12,15B,Occupied,User_398,No,No
12,15C,Occupied,User_527,No,No
12,15D,Occupied,User_782,No,No
13,1A,Available,,No,No
13,1B,Occupied,User_503,No,No
13,1C,Available,,No,No
13,1D,Available,,No,No
13,2A,Available,,No,No
13,2B,Occupied,User_632,No,No
13,2C,Available,,No,No
13,2D,Occupied,User_565,No,No
13,3A,Occupied,User_874,No,No
13,3B,Occupied,User_833,No,No
13,3C,Occupied,admin,No,No
13,3D,Occupied,User_527,No,No
13,4A,Occupied,User_398,No,No
13,4B,Available,,No,No
13,4C,Occupied,User_101,No,No
13,4D,Available,,No,No
13,5A,Occupied,User_565,No,No
13,5B,Occupied,User_782,No,No
13,5C,Occupied,User_398,No,No
13,5D,Available,,No,No
13,6A,Available,,No,No
13,6B,Occupied,User_632,No,No
13,6C,Occupied,User_398,No,No
13,6D,Occupied,User_565,No,No
13,7A,Occupied,User_503,No,No
13,7B,Available,,No,No
13,7C,Occupied,User_782,No,No
13,7D,Occupied,User_215,No,No
13,8A,Occupied,User_782,No,No
13,8B,Occupied,admin,No,No
13,8C,Occupied,User_527,No,No
13,8D,Available,,No,No
13,9A,Available,,No,No
13,9B,Occupied,User_398,No,No
13,9C,Available,,No,No
13,9D,Available,,No,No
13,10A,Available,,No,No
13,10B,Available,,No,No
13,10C,Available,,No,No
13,10D,Occupied,User_215,No,No
13,11A,Available,,No,No
13,11B,Available,,No,No
13,11C,Available,,No,No
13,11D,Occupied,User_833,No,No
13,12A,Available,,No,No
13,12B,Available,,No,No
13,12C,Available,,No,No
13,12D,Occupied,User_833,No,No
13,13A,Occupied,User_215,No,No
13,13B,Occupied,User_398,No,No
13,13C,Occupied,admin,No,No
13,13D,Occupied,User_632,No,No
13,14A,Occupied,User_215,No,No
13,14B,Available,,No,No
13,14C,Occupied,User_215,No,No
13,14D,Occupied,User_565,No,No
13,15A,Occupied,User_874,No,No
13,15B,Occupied,User_101,No,No
13,15C,Occupied,User_833,No,No
13,15D,Available,,No,No
14,1A,Available,,No,No
14,1B,Available,,No,No
14,1C,Occupied,User_632,No,No
14,1D,Available,,No,No
14,2A,Occupied,User_632,No,No
14,2B,Available,,No,No
14,2C,Occupied,User_874,No,No
14,2D,Occupied,admin,No,No
14,3A,Occupied,User_215,No,No
14,3B,Occupied,User_503,No,No
14,3C,Occupied,admin,No,No
14,3D,Available,,No,No
14,4A,Occupied,User_503,No,No
14,4B,Occupied,User_398,No,No
14,4C,Available,,No,No
14,4D,Available,,No,No
14,5A,Available,,No,No
14,5B,Occupied,User_101,No,No
14,5C,Available,,No,No
14,5D,Occupied,User_101,No,No
14,6A,Occupied,User_527,No,No
14,6B,Available,,No,No
14,6C,Available,,No,No
14,6D,Occupied,User_398,No,No
14,7A,Occupied,User_632,No,No
14,7B,Available,,No,No
14,7C,Occupied,User_527,No,No
14,7D,Available,,No,No
14,8A,Available,,No,No
14,8B,Occupied,User_833,No,No
14,8C,Occupied,admin,No,No
14,8D,Available,,No,No
14,9A,Available,,No,No
14,9B,Occupied,admin,No,No
14,9C,Available,,No,No
14,9D,Occupied,User_565,No,No
14,10A,Available,,No,No
14,10B,Available,,No,No
14,10C,Available,,No,No
14,10D,Available,,No,No
14,11A,Occupied,User_833,No,No
14,11B,Available,,No,No
14,11C,Available,,No,No
14,11D,Available,,No,No
14,12A,Available,,No,No
14,12B,Occupied,admin,No,No
14,12C,Available,,No,No
14,12D,Available,,No,No
14,13A,Occupied,User_398,No,No
14,13B,Occupied,User_632,No,No
14,13C,Available,,No,No
14,13D,Available,,No,No
14,14A,Occupied,User_632,No,No
14,14B,Occupied,User_398,No,No
14,14C,Occupied,User_874,No,No
14,14D,Occupied,User_833,No,No
14,15A,Available,,No,No
14,15B,Occupied,User_874,No,No
14,15C,Available,,No,No
14,15D,Available,,No,No
15,1A,Available,,No,No
15,1B,Occupied,User_565,No,No
15,1C,Available,,No,No
15,1D,Available,,No,No
15,2A,Occupied,User_833,No,No
15,2B,Available,,No,No
15,2C,Available,,No,No
15,2D,Occupied,User_503,No,No
15,3A,Available,,No,No
15,3B,Available,,No,No
15,3C,Occupied,User_833,No,No
15,3D,Available,,No,No
15,4A,Available,,No,No
15,4B,Occupied,User_565,No,No
15,4C,Occupied,User_398,No,No
15,4D,Available,,No,No
15,5A,Available,,No,No
15,5B,Occupied,User_398,No,No
15,5C,Available,,No,No
15,5D,Occupied,User_632,No,No
15,6A,Occupied,User_215,No,No
15,6B,Available,,No,No
15,6C,Occupied,User_874,No,No
15,6D,Available,,No,No
15,7A,Available,,No,No
15,7B,Occupied,User_527,No,No
15,7C,Occupied,User_527,No,No
15,7D,Occupied,User_874,No,No
15,8A,Occupied,User_527,No,No
15,8B,Available,,No,No
15,8C,Available,,No,No
15,8D,Occupied,User_101,No,No
15,9A,Available,,No,No
15,9B,Available,,No,No
15,9C,Occupied,User_565,No,No
15,9D,Occupied,User_503,No,No
15,10A,Occupied,User_215,No,No
15,10B,Available,,No,No
15,10C,Available,,No,No
15,10D,Available,,No,No
15,11A,Available,,No,No
15,11B,Occupied,admin,No,No
15,11C,Available,,No,No
15,11D,Occupied,User_782,No,No
15,12A,Occupied,User_215,No,No
15,12B,Available,,No,No
15,12C,Occupied,User_632,No,No
15,12D,Occupied,User_782,No,No
15,13A,Occupied,User_503,No,No
15,13B,Available,,No,No
15,13C,Available,,No,No
15,13D,Available,,No,No
15,14A,Occupied,admin,No,No
15,14B,Occupied,User_833,No,No
15,14C,Available,,No,No
15,14D,Available,,No,No
15,15A,Available,,No,No
15,15B,Occupied,User_632,No,No
15,15C,Available,,No,No
15,15D,Occupied,User_215,No,No
16,1A,Occupied,User_398,No,No
16,1B,Occupied,User_527,No,No
16,1C,Available,,No,No
16,1D,Occupied,User_874,No,No
16,2A,Available,,No,No
16,2B,Occupied,User_101,No,No
16,2C,Available,,No,No
16,2D,Available,,No,No
16,3A,Occupied,User_503,No,No
16,3B,Available,,No,No
16,3C,Occupied,User_632,No,No
16,3D,Occupied,User_398,No,No
16,4A,Available,,No,No
16,4B,Occupied,User_398,No,No
16,4C,Occupied,User_503,No,No
16,4D,Occupied,admin,No,No
16,5A,Occupied,User_215,No,No
16,5B,Occupied,User_215,No,No
16,5C,Occupied,User_833,No,No
16,5D,Available,,No,No
16,6A,Available,,No,No
16,6B,Available,,No,No
16,6C,Occupied,User_874,No,No
16,6D,Occupied,User_874,No,No
16,7A,Available,,No,No
16,7B,Occupied,User_527,No,No
16,7C,Occupied,User_101,No,No
16,7D,Available,,No,No
16,8A,Occupied,User_632,No,No
16,8B,Occupied,User_782,No,No
16,8C,Occupied,admin,No,No
16,8D,Available,,No,No
16,9A,Occupied,admin,No,No
16,9B,Occupied,admin,No,No
16,9C,Occupied,User_782,No,No
16,9D,Occupied,User_833,No,No
16,10A,Occupied,User_101,No,No
16,10B,Available,,No,No
16,10C,Occupied,User_833,No,No
16,10D,Available,,No,No
16,11A,Occupied,User_565,No,No
16,11B,Available,,No,No
16,11C,Occupied,User_632,No,No
16,11D,Occupied,User_632,No,No
16,12A,Available,,No,No
16,12B,Available,,No,No
16,12C,Occupied,User_398,No,No
16,12D,Occupied,User_874,No,No
16,13A,Occupied,User_833,No,No
16,13B,Available,,No,No
16,13C,Occupied,User_503,No,No
16,13D,Available,,No,No
16,14A,Available,,No,No
16,14B,Available,,No,No
16,14C,Occupied,User_833,No,No
16,14D,Available,,No,No
16,15A,Occupied,User_874,No,No
16,15B,Occupied,User_565,No,No
16,15C,Occupied,User_101,No,No
16,15D,Available,,No,No
17,1A,Occupied,User_874,No,No
17,1B,Available,,No,No
17,1C,Occupied,User_398,No,No
17,1D,Occupied,User_398,No,No
17,2A,Occupied,User_215,No,No
17,2B,Occupied,User_782,No,No
17,2C,Occupied,User_215,No,No
17,2D,Available,,No,No
17,3A,Occupied,User_215,No,No
17,3B,Occupied,User_632,No,No
17,3C,Available,,No,No
17,3D,Occupied,User_874,No,No
17,4A,Available,,No,No
17,4B,Available,,No,No
17,4C,Available,,No,No
17,4D,Occupied,User_782,No,No
17,5A,Occupied,User_527,No,No
17,5B,Occupied,User_782,No,No
17,5C,Available,,No,No
17,5D,Available,,No,No
17,6A,Available,,No,No
17,6B,Available,,No,No
17,6C,Occupied,User_782,No,No
17,6D,Available,,No,No
17,7A,Occupied,admin,No,No
17,7B,Occupied,User_782,No,No
17,7C,Available,,No,No
17,7D,Occupied,User_565,No,No
17,8A,Available,,No,No
17,8B,Available,,No,No
17,8C,Occupied,User_215,No,No
17,8D,Available,,No,No
17,9A,Available,,No,No
17,9B,Occupied,admin,No,No
17,9C,Occupied,User_833,No,No
17,9D,Available,,No,No
17,10A,Available,,No,No
17,10B,Available,,No,No
17,10C,Occupied,User_101,No,No
17,10D,Occupied,User_782,No,No
17,11A,Available,,No,No
17,11B,Available,,No,No
17,11C,Occupied,User_398,No,No
17,11D,Occupied,User_101,No,No
17,12A,Occupied,User_632,No,No
17,12B,Occupied,admin,No,No
17,12C,Occupied,User_398,No,No
17,12D,Available,,No,No
17,13A,Available,,No,No
17,13B,Occupied,User_833,No,No
17,13C,Available,,No,No
17,13D,Available,,No,No
17,14A,Occupied,User_833,No,No
17,14B,Available,,No,No
17,14C,Occupied,User_565,No,No
17,14D,Occupied,User_782,No,No
17,15A,Occupied,User_565,No,No
17,15B,Available,,No,No
17,15C,Available,,No,No
17,15D,Occupied,User_874,No,No
18,1A,Available,,No,No
18,1B,Occupied,User_503,No,No
18,1C,Available,,No,No
18,1D,Occupied,User_527,No,No
18,2A,Occupied,User_632,No,No
18,2B,Available,,No,No
18,2C,Available,,No,No
18,2D,Occupied,User_782,No,No
18,3A,Available,,No,No
18,3B,Available,,No,No
18,3C,Available,,No,No
18,3D,Occupied,User_101,No,No
18,4A,Available,,No,No
18,4B,Available,,No,No
18,4C,Occupied,User_215,No,No
18,4D,Occupied,User_565,No,No
18,5A,Available,,No,No
18,5B,Available,,No,No
18,5C,Occupied,User_503,No,No
18,5D,Available,,No,No
18,6A,Available,,No,No
18,6B,Available,,No,No
18,6C,Occupied,User_782,No,No
18,6D,Occupied,User_565,No,No
18,7A,Available,,No,No
18,7B,Available,,No,No
18,7C,Occupied,User_101,No,No
18,7D,Available,,No,No
18,8A,Occupied,User_398,No,No
18,8B,Available,,No,No
18,8C,Occupied,User_398,No,No
18,8D,Occupied,User_565,No,No
18,9A,Occupied,admin,No,No
18,9B,Occupied,admin,No,No
18,9C,Occupied,User_565,No,No
18,9D,Available,,No,No
18,10A,Occupied,User_101,No,No
18,10B,Available,,No,No
18,10C,Occupied,User_503,No,No
18,10D,Occupied,User_632,No,No
18,11A,Occupied,User_503,No,No
18,11B,Available,,No,No
18,11C,Occupied,User_632,No,No
18,11D,Available,,No,No
18,12A,Occupied,User_833,No,No
18,12B,Occupied,User_632,No,No
18,12C,Occupied,User_101,No,No
18,12D,Occupied,User_874,No,No
18,13A,Occupied,User_782,No,No
18,13B,Available,,No,No
18,13C,Available,,No,No
18,13D,Available,,No,No
18,14A,Available,,No,No
18,14B,Occupied,User_527,No,No
18,14C,Available,,No,No
18,14D,Available,,No,No
18,15A,Occupied,User_632,No,No
18,15B,Available,,No,No
18,15C,Occupied,User_874,No,No
18,15D,Occupied,User_101,No,No
19,1A,Occupied,User_215,No,No
19,1B,Occupied,User_101,No,No
19,1C,Available,,No,No
19,1D,Occupied,User_565,No,No
19,2A,Available,,No,No
19,2B,Available,,No,No
19,2C,Occupied,User_215,No,No
19,2D,Occupied,User_833,No,No
19,3A,Available,,No,No
19,3B,Occupied,User_782,No,No
19,3C,Available,,No,No
19,3D,Occupied,User_503,No,No
19,4A,Occupied,User_782,No,No
19,4B,Occupied,User_398,No,No
19,4C,Available,,No,No
19,4D,Available,,No,No
19,5A,Available,,No,No
19,5B,Available,,No,No
19,5C,Available,,No,No
19,5D,Occupied,User_632,No,No
19,6A,Occupied,User_101,No,No
19,6B,Available,,No,No
19,6C,Occupied,User_527,No,No
19,6D,Occupied,User_527,No,No
19,7A,Occupied,User_503,No,No
19,7B,Occupied,User_215,No,No
19,7C,Occupied,User_782,No,No
19,7D,Available,,No,No
19,8A,Available,,No,No
19,8B,Available,,No,No
19,8C,Occupied,User_782,No,No
19,8D,Available,,No,No
19,9A,Available,,No,No
19,9B,Available,,No,No
19,9C,Available,,No,No
19,9D,Available,,No,No
19,10A,Occupied,User_398,No,No
19,10B,Occupied,User_833,No,No
19,10C,Occupied,User_503,No,No
19,10D,Available,,No,No
19,11A,Occupied,User_503,No,No
19,11B,Occupied,User_503,No,No
19,11C,Available,,No,No
19,11D,Available,,No,No
19,12A,Available,,No,No
19,12B,Available,,No,No
19,12C,Occupied,admin,No,No
19,12D,Available,,No,No
19,13A,Occupied,User_398,No,No
19,13B,Available,,No,No
19,13C,Occupied,User_101,No,No
19,13D,Available,,No,No
19,14A,Available,,No,No
19,14B,Available,,No,No
19,14C,Available,,No,No
19,14D,Available,,No,No
19,15A,Available,,No,No
19,15B,Available,,No,No
19,15C,Occupied,User_565,No,No
19,15D,Available,,No,No
20,1A,Available,,No,No
20,1B,Occupied,User_503,No,No
20,1C,Available,,No,No
20,1D,Available,,No,No
20,2A,Occupied,User_215,No,No
20,2B,Available,,No,No
20,2C,Occupied,admin,No,No
20,2D,Occupied,User_833,No,No
20,3A,Available,,No,No
20,3B,Available,,No,No
20,3C,Available,,No,No
20,3D,Occupied,User_101,No,No
20,4A,Available,,No,No
20,4B,Occupied,User_833,No,No
20,4C,Available,,No,No
20,4D,Available,,No,No
20,5A,Occupied,User_215,No,No
20,5B,Available,,No,No
20,5C,Occupied,User_833,No,No
20,5D,Occupied,User_215,No,No
20,6A,Occupied,User_833,No,No
20,6B,Available,,No,No
20,6C,Occupied,admin,No,No
20,6D,Available,,No,No
20,7A,Occupied,User_503,No,No
20,7B,Available,,No,No
20,7C,Available,,No,No
20,7D,Occupied,User_565,No,No
20,8A,Occupied,User_527,No,No
20,8B,Available,,No,No
20,8C,Occupied,User_398,No,No
20,8D,Occupied,User_503,No,No
20,9A,Occupied,User_632,No,No
20,9B,Occupied,User_782,No,No
20,9C,Available,,No,No
20,9D,Available,,No,No
20,10A,Occupied,User_101,No,No
20,10B,Occupied,User_398,No,No
20,10C,Occupied,User_833,No,No
20,10D,Occupied,User_632,No,No
20,11A,Available,,No,No
20,11B,Occupied,User_527,No,No
20,11C,Available,,No,No
20,11D,Available,,No,No
20,12A,Occupied,User_565,No,No
20,12B,Available,,No,No
20,12C,Occupied,User_782,No,No
20,12D,Available,,No,No
20,13A,Occupied,admin,No,No
20,13B,Available,,No,No
20,13C,Occupied,User_398,No,No
20,13D,Available,,No,No
20,14A,Occupied,User_527,No,No
20,14B,Available,,No,No
20,14C,Available,,No,No
20,14D,Occupied,admin,No,No
20,15A,Available,,No,No
20,15B,Occupied,User_565,No,No
20,15C,Available,,No,No
20,15D,Occupied,User_215,No,No
21,1A,Available,,No,No
21,1B,Available,,No,No
21,1C,Available,,No,No
21,1D,Occupied,User_782,No,No
21,2A,Occupied,User_215,No,No
21,2B,Available,,No,No
21,2C,Available,,No,No
21,2D,Available,,No,No
21,3A,Available,,No,No
21,3B,Available,,No,No
21,3C,Available,,No,No
21,3D,Occupied,admin,No,No
21,4A,Occupied,User_398,No,No
21,4B,Available,,No,No
21,4C,Occupied,User_565,No,No
21,4D,Occupied,User_101,No,No
21,5A,Available,,No,No
21,5B,Available,,No,No
21,5C,Available,,No,No
21,5D,Available,,No,No
21,6A,Occupied,User_833,No,No
21,6B,Occupied,User_632,No,No
21,6C,Occupied,admin,No,No
21,6D,Occupied,User_874,No,No
21,7A,Occupied,User_503,No,No
21,7B,Occupied,User_215,No,No
21,7C,Occupied,User_101,No,No
21,7D,Occupied,User_833,No,No
21,8A,Available,,No,No
21,8B,Available,,No,No
21,8C,Available,,No,No
21,8D,Occupied,User_565,No,No
21,9A,Occupied,User_565,No,No
21,9B,Available,,No,No
21,9C,Available,,No,No
21,9D,Available,,No,No
21,10A,Occupied,User_503,No,No
21,10B,Available,,No,No
21,10C,Occupied,User_215,No,No
21,10D,Available,,No,No
21,11A,Available,,No,No
21,11B,Occupied,User_833,No,No
21,11C,Occupied,User_101,No,No
21,11D,Available,,No,No
21,12A,Occupied,User_527,No,No
21,12B,Available,,No,No
21,12C,Occupied,User_101,No,No
21,12D,Occupied,admin,No,No
21,13A,Occupied,User_398,No,No
21,13B,Occupied,User_101,No,No
21,13C,Available,,No,No
21,13D,Available,,No,No
21,14A,Available,,No,No
21,14B,Available,,No,No
21,14C,Available,,No,No
21,14D,Occupied,User_632,No,No
21,15A,Available,,No,No
21,15B,Occupied,User_874,No,No
21,15C,Available,,No,No
21,15D,Occupied,User_782,No,No
22,1A,Occupied,User_565,No,No
22,1B,Available,,No,No
22,1C,Available,,No,No
22,1D,Occupied,User_215,No,No
22,2A,Occupied,User_782,No,No
22,2B,Occupied,User_398,No,No
22,2C,Occupied,User_632,No,No
22,2D,Occupied,User_215,No,No
22,3A,Occupied,User_101,No,No
22,3B,Occupied,User_398,No,No
22,3C,Available,,No,No
22,3D,Available,,No,No
22,4A,Available,,No,No
22,4B,Available,,No,No
22,4C,Occupied,User_527,No,No
22,4D,Occupied,User_632,No,No
22,5A,Available,,No,No
22,5B,Available,,No,No
22,5C,Available,,No,No
22,5D,Occupied,User_101,No,No
22,6A,Available,,No,No
22,6B,Available,,No,No
22,6C,Available,,No,No
22,6D,Occupied,User_503,No,No
22,7A,Available,,No,No
22,7B,Available,,No,No
22,7C,Available,,No,No
22,7D,Occupied,User_782,No,No
22,8A,Available,,No,No
22,8B,Available,,No,No
22,8C,Available,,No,No
22,8D,Occupied,User_398,No,No
22,9A,Occupied,User_527,No,No
22,9B,Available,,No,No
22,9C,Occupied,User_215,No,No
22,9D,Occupied,User_398,No,No
22,10A,Available,,No,No
22,10B,Occupied,User_215,No,No
22,10C,Available,,No,No
22,10D,Available,,No,No
22,11A,Occupied,User_782,No,No
22,11B,Available,,No,No
22,11C,Available,,No,No
22,11D,Occupied,User_632,No,No
22,12A,Occupied,admin,No,No
22,12B,Available,,No,No
22,12C,Occupied,User_874,No,No
22,12D,Occupied,User_101,No,No
22,13A,Occupied,User_833,No,No
22,13B,Available,,No,No
22,13C,Occupied,admin,No,No
22,13D,Occupied,User_527,No,No
22,14A,Occupied,User_215,No,No
22,14B,Available,,No,No
22,14C,Occupied,User_833,No,No
22,14D,Available,,No,No
22,15A,Available,,No,No
22,15B,Occupied,User_503,No,No
22,15C,Occupied,User_503,No,No
22,15D,Occupied,User_398,No,No
23,1A,Available,,No,No
23,1B,Available,,No,No
23,1C,Occupied,User_527,No,No
23,1D,Available,,No,No
23,2A,Occupied,admin,No,No
23,2B,Occupied,User_632,No,No
23,2C,Occupied,User_565,No,No
23,2D,Occupied,User_215,No,No
23,3A,Available,,No,No
23,3B,Occupied,User_782,No,No
23,3C,Occupied,User_874,No,No
23,3D,Occupied,User_833,No,No
23,4A,Available,,No,No
23,4B,Occupied,admin,No,No
23,4C,Available,,No,No
23,4D,Occupied,User_565,No,No
23,5A,Available,,No,No
23,5B,Available,,No,No
23,5C,Occupied,User_398,No,No
23,5D,Occupied,admin,No,No
23,6A,Occupied,admin,No,No
23,6B,Occupied,User_398,No,No
23,6C,Available,,No,No
23,6D,Available,,No,No
23,7A,Occupied,User_215,No,No
23,7B,Available,,No,No
23,7C,Occupied,User_565,No,No
23,7D,Occupied,User_215,No,No
23,8A,Occupied,User_398,No,No
23,8B,Occupied,User_398,No,No
23,8C,Available,,No,No
23,8D,Available,,No,No
23,9A,Occupied,User_833,No,No
23,9B,Occupied,User_782,No,No
23,9C,Available,,No,No
23,9D,Available,,No,No
23,10A,Occupied,User_782,No,No
23,10B,Available,,No,No
23,10C,Available,,No,No
23,10D,Occupied,User_874,No,No
23,11A,Available,,No,No
23,11B,Occupied,User_874,No,No
23,11C,Occupied,User_874,No,No
23,11D,Available,,No,No
23,12A,Available,,No,No
23,12B,Occupied,User_565,No,No
23,12C,Available,,No,No
23,12D,Occupied,User_503,No,No
23,13A,Occupied,User_503,No,No
23,13B,Available,,No,No
23,13C,Available,,No,No
23,13D,Available,,No,No
23,14A,Occupied,User_632,No,No
23,14B,Available,,No,No
23,14C,Occupied,User_874,No,No
23,14D,Occupied,User_874,No,No
23,15A,Occupied,admin,No,No
23,15B,Occupied,User_565,No,No
23,15C,Available,,No,No
23,15D,Occupied,User_874,No,No
24,1A,Available,,No,No
24,1B,Available,,No,No
24,1C,Available,,No,No
24,1D,Available,,No,No
24,2A,Occupied,User_833,No,No
24,2B,Occupied,User_398,No,No
24,2C,Occupied,User_833,No,No
24,2D,Occupied,User_565,No,No
24,3A,Available,,No,No
24,3B,Available,,No,No
24,3C,Available,,No,No
24,3D,Available,,No,No
24,4A,Available,,No,No
24,4B,Occupied,User_874,No,No
24,4C,Occupied,User_782,No,No
24,4D,Occupied,User_398,No,No
24,5A,Available,,No,No
24,5B,Available,,No,No
24,5C,Occupied,User_398,No,No
24,5D,Occupied,User_833,No,No
24,6A,Occupied,User_503,No,No
24,6B,Available,,No,No
24,6C,Available,,No,No
24,6D,Available,,No,No
24,7A,Available,,No,No
24,7B,Available,,No,No
24,7C,Occupied,User_565,No,No
24,7D,Occupied,User_632,No,No
24,8A,Available,,No,No
24,8B,Occupied,User_833,No,No
24,8C,Occupied,User_565,No,No
24,8D,Occupied,User_503,No,No
24,9A,Occupied,User_833,No,No
24,9B,Available,,No,No
24,9C,Available,,No,No
24,9D,Available,,No,No
24,10A,Occupied,User_215,No,No
24,10B,Available,,No,No
24,10C,Occupied,User_782,No,No
24,10D,Available,,No,No
24,11A,Occupied,User_782,No,No
24,11B,Available,,No,No
24,11C,Available,,No,No
24,11D,Available,,No,No
24,12A,Occupied,User_215,No,No
24,12B,Occupied,User_833,No,No
24,12C,Available,,No,No
24,12D,Available,,No,No
24,13A,Available,,No,No
24,13B,Occupied,User_215,No,No
24,13C,Available,,No,No
24,13D,Available,,No,No
24,14A,Occupied,User_833,No,No
24,14B,Available,,No,No
24,14C,Occupied,User_215,No,No
24,14D,Occupied,User_398,No,No
24,15A,Occupied,User_215,No,No
24,15B,Available,,No,No
24,15C,Occupied,User_565,No,No
24,15D,Occupied,User_503,No,No
25,1A,Available,,No,No
25,1B,Occupied,User_527,No,No
25,1C,Available,,No,No
25,1D,Occupied,User_398,No,No
25,2A,Occupied,User_833,No,No
25,2B,Available,,No,No
25,2C,Available,,No,No
25,2D,Available,,No,No
25,3A,Occupied,User_215,No,No
25,3B,Available,,No,No
25,3C,Available,,No,No
25,3D,Available,,No,No
25,4A,Occupied,User_874,No,No
25,4B,Occupied,User_632,No,No
25,4C,Available,,No,No
25,4D,Occupied,User_215,No,No
25,5A,Occupied,User_503,No,No
25,5B,Occupied,User_398,No,No
25,5C,Available,,No,No
25,5D,Occupied,User_398,No,No
25,6A,Occupied,admin,No,No
25,6B,Occupied,User_215,No,No
25,6C,Occupied,User_101,No,No
25,6D,Available,,No,No
25,7A,Occupied,User_833,No,No
25,7B,Available,,No,No
25,7C,Occupied,User_565,No,No
25,7D,Available,,No,No
25,8A,Occupied,User_833,No,No
25,8B,Available,,No,No
25,8C,Available,,No,No
25,8D,Occupied,User_215,No,No
25,9A,Occupied,User_565,No,No
25,9B,Occupied,User_632,No,No
25,9C,Available,,No,No
25,9D,Available,,No,No
25,10A,Occupied,User_874,No,No
25,10B,Occupied,User_527,No,No
25,10C,Available,,No,No
25,10D,Available,,No,No
25,11A,Available,,No,No
25,11B,Occupied,User_101,No,No
25,11C,Available,,No,No
25,11D,Occupied,admin,No,No
25,12A,Available,,No,No
25,12B,Occupied,User_782,No,No
25,12C,Occupied,User_527,No,No
25,12D,Available,,No,No
25,13A,Available,,No,No
25,13B,Occupied,User_632,No,No
25,13C,Available,,No,No
25,13D,Occupied,User_101,No,No
25,14A,Occupied,admin,No,No
25,14B,Available,,No,No
25,14C,Occupied,User_833,No,No
25,14D,Occupied,User_215,No,No
25,15A,Occupied,User_398,No,No
25,15B,Occupied,User_503,No,No
25,15C,Available,,No,No
25,15D,Occupied,User_874,No,No
26,1A,Occupied,User_527,No,No
26,1B,Available,,No,No
26,1C,Occupied,User_833,No,No
26,1D,Occupied,User_632,No,No
26,2A,Available,,No,No
26,2B,Available,,No,No
26,2C,Occupied,User_101,No,No
26,2D,Available,,No,No
26,3A,Available,,No,No
26,3B,Occupied,User_833,No,No
26,3C,Available,,No,No
26,3D,Occupied,User_833,No,No
26,4A,Available,,No,No
26,4B,Available,,No,No
26,4C,Occupied,User_215,No,No
26,4D,Available,,No,No
26,5A,Available,,No,No
26,5B,Available,,No,No
26,5C,Occupied,User_833,No,No
26,5D,Available,,No,No
26,6A,Occupied,User_833,No,No
26,6B,Occupied,User_632,No,No
26,6C,Occupied,User_782,No,No
26,6D,Available,,No,No
26,7A,Occupied,User_833,No,No
26,7B,Occupied,User_527,No,No
26,7C,Available,,No,No
26,7D,Available,,No,No
26,8A,Available,,No,No
26,8B,Available,,No,No
26,8C,Available,,No,No
26,8D,Occupied,User_782,No,No
26,9A,Occupied,admin,No,No
26,9B,Available,,No,No
26,9C,Available,,No,No
26,9D,Occupied,User_398,No,No
26,10A,Available,,No,No
26,10B,Available,,No,No
26,10C,Available,,No,No
26,10D,Available,,No,No
26,11A,Occupied,User_503,No,No
26,11B,Available,,No,No
26,11C,Occupied,User_215,No,No
26,11D,Occupied,User_398,No,No
26,12A,Available,,No,No
26,12B,Available,,No,No
26,12C,Available,,No,No
26,12D,Occupied,User_398,No,No
26,13A,Occupied,User_833,No,No
26,13B,Occupied,User_215,No,No
26,13C,Available,,No,No
26,13D,Occupied,User_632,No,No
26,14A,Available,,No,No
26,14B,Available,,No,No
26,14C,Occupied,User_833,No,No
26,14D,Occupied,admin,No,No
26,15A,Occupied,User_527,No,No
26,15B,Occupied,User_565,No,No
26,15C,Available,,No,No
26,15D,Occupied,User_565,No,No
27,1A,Available,,No,No
27,1B,Available,,No,No
27,1C,Occupied,User_632,No,No
27,1D,Available,,No,No
27,2A,Available,,No,No
27,2B,Occupied,User_398,No,No
27,2C,Available,,No,No
27,2D,Available,,No,No
27,3A,Occupied,User_874,No,No
27,3B,Occupied,User_101,No,No
27,3C,Available,,No,No
27,3D,Occupied,User_632,No,No
27,4A,Occupied,User_398,No,No
27,4B,Available,,No,No
27,4C,Available,,No,No
27,4D,Available,,No,No
27,5A,Available,,No,No
27,5B,Available,,No,No
27,5C,Occupied,User_833,No,No
27,5D,Occupied,admin,No,No
27,6A,Available,,No,No
27,6B,Occupied,User_503,No,No
27,6C,Available,,No,No
27,6D,Available,,No,No
27,7A,Available,,No,No
27,7B,Available,,No,No
27,7C,Available,,No,No
27,7D,Available,,No,No
27,8A,Occupied,admin,No,No
27,8B,Occupied,User_632,No,No
27,8C,Available,,No,No
27,8D,Available,,No,No
27,9A,Occupied,User_782,No,No
27,9B,Occupied,User_632,No,No
27,9C,Available,,No,No
27,9D,Available,,No,No
27,10A,Available,,No,No
27,10B,Available,,No,No
27,10C,Available,,No,No
27,10D,Available,,No,No
27,11A,Available,,No,No
27,11B,Occupied,admin,No,No
27,11C,Occupied,User_527,No,No
27,11D,Occupied,User_782,No,No
27,12A,Occupied,User_874,No,No
27,12B,Available,,No,No
27,12C,Available,,No,No
27,12D,Occupied,User_101,No,No
27,13A,Occupied,User_782,No,No
27,13B,Occupied,admin,No,No
27,13C,Occupied,User_565,No,No
27,13D,Available,,No,No
27,14A,Available,,No,No
27,14B,Available,,No,No
27,14C,Available,,No,No
27,14D,Occupied,User_527,No,No
27,15A,Available,,No,No
27,15B,Occupied,User_782,No,No
27,15C,Available,,No,No
27,15D,Available,,No,No
28,1A,Available,,No,No
28,1B,Available,,No,No
28,1C,Occupied,User_215,No,No
28,1D,Available,,No,No
28,2A,Available,,No,No
28,2B,Available,,No,No
28,2C,Occupied,User_215,No,No
28,2D,Occupied,admin,No,No
28,3A,Occupied,User_782,No,No
28,3B,Occupied,admin,No,No
28,3C,Available,,No,No
28,3D,Occupied,User_565,No,No
28,4A,Occupied,User_782,No,No
28,4B,Available,,No,No
28,4C,Available,,No,No
28,4D,Occupied,User_101,No,No
28,5A,Occupied,User_782,No,No
28,5B,Occupied,User_874,No,No
28,5C,Available,,No,No
28,5D,Occupied,User_833,No,No
28,6A,Occupied,User_101,No,No
28,6B,Occupied,User_101,No,No
28,6C,Available,,No,No
28,6D,Available,,No,No
28,7A,Available,,No,No
28,7B,Occupied,User_833,No,No
28,7C,Available,,No,No
28,7D,Available,,No,No
28,8A,Available,,No,No
28,8B,Occupied,User_782,No,No
28,8C,Available,,No,No
28,8D,Available,,No,No
28,9A,Occupied,User_833,No,No
28,9B,Occupied,User_527,No,No
28,9C,Occupied,User_874,No,No
28,9D,Occupied,User_101,No,No
28,10A,Occupied,User_632,No,No
28,10B,Occupied,User_398,No,No
28,10C,Available,,No,No
28,10D,Available,,No,No
28,11A,Available,,No,No
28,11B,Available,,No,No
28,11C,Occupied,User_632,No,No
28,11D,Occupied,User_782,No,No
28,12A,Occupied,User_101,No,No
28,12B,Occupied,User_398,No,No
28,12C,Available,,No,No
28,12D,Available,,No,No
28,13A,Occupied,User_565,No,No
28,13B,Available,,No,No
28,13C,Available,,No,No
28,13D,Available,,No,No
28,14A,Available,,No,No
28,14B,Occupied,User_782,No,No
28,14C,Available,,No,No
28,14D,Available,,No,No
28,15A,Occupied,User_565,No,No
28,15B,Occupied,User_782,No,No
28,15C,Available,,No,No
28,15D,Available,,No,No
29,1A,Available,,No,No
29,1B,Occupied,User_874,No,No
29,1C,Occupied,User_782,No,No
29,1D,Available,,No,No
29,2A,Available,,No,No
29,2B,Occupied,User_565,No,No
29,2C,Occupied,User_565,No,No
29,2D,Available,,No,No
29,3A,Occupied,admin,No,No
29,3B,Occupied,User_215,No,No
29,3C,Occupied,User_527,No,No
29,3D,Available,,No,No
29,4A,Occupied,User_527,No,No
29,4B,Occupied,User_632,No,No
29,4C,Available,,No,No
29,4D,Occupied,User_503,No,No
29,5A,Occupied,User_398,No,No
29,5B,Available,,No,No
29,5C,Available,,No,No
29,5D,Available,,No,No
29,6A,Available,,No,No
29,6B,Available,,No,No
29,6C,Occupied,User_565,No,No
29,6D,Available,,No,No
29,7A,Occupied,User_215,No,No
29,7B,Occupied,admin,No,No
29,7C,Occupied,User_565,No,No
29,7D,Available,,No,No
29,8A,Available,,No,No
29,8B,Available,,No,No
29,8C,Occupied,User_874,No,No
29,8D,Occupied,User_101,No,No
29,9A,Available,,No,No
29,9B,Occupied,admin,No,No
29,9C,Available,,No,No
29,9D,Occupied,User_565,No,No
29,10A,Occupied,User_503,No,No
29,10B,Available,,No,No
29,10C,Occupied,User_874,No,No
29,10D,Available,,No,No
29,11A,Available,,No,No
29,11B,Occupied,User_101,No,No
29,11C,Occupied,User_782,No,No
29,11D,Available,,No,No
29,12A,Available,,No,No
29,12B,Available,,No,No
29,12C,Available,,No,No
29,12D,Occupied,User_874,No,No
29,13A,Occupied,User_215,No,No
29,13B,Available,,No,No
29,13C,Occupied,User_215,No,No
29,13D,Available,,No,No
29,14A,Available,,No,No
29,14B,Occupied,User_503,No,No
29,14C,Occupied,User_565,No,No
29,14D,Occupied,User_398,No,No
29,15A,Occupied,User_632,No,No
29,15B,Available,,No,No
29,15C,Occupied,User_527,No,No
29,15D,Occupied,User_215,No,No
30,1A,Occupied,admin,No,No
30,1B,Occupied,User_565,No,No
30,1C,Occupied,User_215,No,No
30,1D,Occupied,User_874,No,No
30,2A,Occupied,User_215,No,No
30,2B,Occupied,User_398,No,No
30,2C,Available,,No,No
30,2D,Occupied,User_874,No,No
30,3A,Occupied,User_398,No,No
30,3B,Occupied,User_215,No,No
30,3C,Occupied,User_101,No,No
30,3D,Available,,No,No
30,4A,Occupied,User_833,No,No
30,4B,Available,,No,No
30,4C,Occupied,User_503,No,No
30,4D,Occupied,User_565,No,No
30,5A,Occupied,User_503,No,No
30,5B,Occupied,User_215,No,No
30,5C,Occupied,User_565,No,No
30,5D,Occupied,User_527,No,No
30,6A,Occupied,User_833,No,No
30,6B,Available,,No,No
30,6C,Available,,No,No
30,6D,Available,,No,No
30,7A,Occupied,User_874,No,No
30,7B,Available,,No,No
30,7C,Available,,No,No
30,7D,Occupied,User_782,No,No
30,8A,Occupied,User_874,No,No
30,8B,Available,,No,No
30,8C,Available,,No,No
30,8D,Occupied,User_782,No,No
30,9A,Occupied,admin,No,No
30,9B,Occupied,User_874,No,No
30,9C,Available,,No,No
30,9D,Available,,No,No
30,10A,Available,,No,No
30,10B,Available,,No,No
30,10C,Occupied,admin,No,No
30,10D,Available,,No,No
30,11A,Available,,No,No
30,11B,Occupied,User_215,No,No
30,11C,Available,,No,No
30,11D,Occupied,User_565,No,No
30,12A,Available,,No,No
30,12B,Occupied,User_527,No,No
30,12C,Occupied,User_874,No,No
30,12D,Available,,No,No
30,13A,Occupied,User_782,No,No
30,13B,Occupied,User_398,No,No
30,13C,Available,,No,No
30,13D,Occupied,User_782,No,No
30,14A,Occupied,User_503,No,No
30,14B,Available,,No,No
30,14C,Occupied,User_215,No,No
30,14D,Available,,No,No
30,15A,Available,,No,No
30,15B,Available,,No,No
30,15C,Available,,No,No
30,15D,Occupied,User_632,No,No
31,1A,Occupied,User_503,No,No
31,1B,Available,,No,No
31,1C,Occupied,User_782,No,No
31,1D,Available,,No,No
31,2A,Occupied,User_101,No,No
31,2B,Occupied,User_565,No,No
31,2C,Available,,No,No
31,2D,Available,,No,No
31,3A,Available,,No,No
31,3B,Occupied,User_527,No,No
31,3C,Available,,No,No
31,3D,Available,,No,No
31,4A,Available,,No,No
31,4B,Occupied,User_782,No,No
31,4C,Occupied,User_527,No,No
31,4D,Occupied,User_833,No,No
31,5A,Occupied,User_782,No,No
31,5B,Occupied,User_782,No,No
31,5C,Occupied,User_782,No,No
31,5D,Occupied,User_527,No,No
31,6A,Occupied,User_215,No,No
31,6B,Available,,No,No
31,6C,Occupied,User_632,No,No
31,6D,Occupied,User_527,No,No
31,7A,Occupied,User_503,No,No
31,7B,Occupied,User_101,No,No
31,7C,Available,,No,No
31,7D,Occupied,User_101,No,No
31,8A,Occupied,User_565,No,No
31,8B,Available,,No,No
31,8C,Occupied,User_503,No,No
31,8D,Occupied,User_782,No,No
31,9A,Available,,No,No
31,9B,Occupied,User_101,No,No
31,9C,Occupied,User_632,No,No
31,9D,Occupied,User_527,No,No
31,10A,Available,,No,No
31,10B,Occupied,User_833,No,No
31,10C,Occupied,User_101,No,No
31,10D,Occupied,User_565,No,No
31,11A,Available,,No,No
31,11B,Occupied,User_503,No,No
31,11C,Occupied,User_782,No,No
31,11D,Occupied,User_874,No,No
31,12A,Occupied,User_874,No,No
31,12B,Available,,No,No
31,12C,Occupied,admin,No,No
31,12D,Available,,No,No
31,13A,Available,,No,No
31,13B,Available,,No,No
31,13C,Occupied,User_527,No,No
31,13D,Available,,No,No
31,14A,Available,,No,No
31,14B,Occupied,User_503,No,No
31,14C,Occupied,User_527,No,No
31,14D,Available,,No,No
31,15A,Occupied,User_101,No,No
31,15B,Occupied,admin,No,No
31,15C,Occupied,User_833,No,No
31,15D,Occupied,User_527,No,No
32,1A,Occupied,User_833,No,No
32,1B,Available,,No,No
32,1C,Available,,No,No
32,1D,Available,,No,No
32,2A,Available,,No,No
32,2B,Available,,No,No
32,2C,Available,,No,No
32,2D,Occupied,User_833,No,No
32,3A,Available,,No,No
32,3B,Occupied,User_874,No,No
32,3C,Occupied,User_632,No,No
32,3D,Occupied,User_782,No,No
32,4A,Occupied,User_101,No,No
32,4B,Occupied,User_398,No,No
32,4C,Occupied,User_874,No,No
32,4D,Occupied,admin,No,No
32,5A,Available,,No,No
32,5B,Available,,No,No
32,5C,Occupied,User_215,No,No
32,5D,Occupied,User_565,No,No
32,6A,Available,,No,No
32,6B,Available,,No,No
32,6C,Available,,No,No
32,6D,Occupied,User_632,No,No
32,7A,Available,,No,No
32,7B,Available,,No,No
32,7C,Available,,No,No
32,7D,Available,,No,No
32,8A,Occupied,admin,No,No
32,8B,Occupied,User_565,No,No
32,8C,Occupied,admin,No,No
32,8D,Occupied,User_565,No,No
32,9A,Occupied,User_632,No,No
32,9B,Occupied,User_632,No,No
32,9C,Occupied,User_833,No,No
32,9D,Available,,No,No
32,10A,Occupied,User_398,No,No
32,10B,Occupied,User_565,No,No
32,10C,Occupied,User_782,No,No
32,10D,Available,,No,No
32,11A,Available,,No,No
32,11B,Occupied,User_874,No,No
32,11C,Available,,No,No
32,11D,Occupied,User_833,No,No
32,12A,Available,,No,No
32,12B,Occupied,User_527,No,No
32,12C,Available,,No,No
32,12D,Occupied,User_101,No,No
32,13A,Available,,No,No
32,13B,Available,,No,No
32,13C,Available,,No,No
32,13D,Available,,No,No
32,14A,Occupied,User_503,No,No
32,14B,Available,,No,No
32,14C,Occupied,User_215,No,No
32,14D,Available,,No,No
32,15A,Available,,No,No
32,15B,Available,,No,No
32,15C,Occupied,User_874,No,No
32,15D,Occupied,User_565,No,No
33,1A,Available,,No,No
33,1B,Available,,No,No
33,1C,Occupied,User_215,No,No
33,1D,Occupied,User_874,No,No
33,2A,Occupied,User_632,No,No
33,2B,Occupied,User_215,No,No
33,2C,Occupied,User_632,No,No
33,2D,Occupied,User_632,No,No
33,3A,Occupied,User_503,No,No
33,3B,Occupied,User_632,No,No
33,3C,Occupied,User_215,No,No
33,3D,Occupied,User_833,No,No
33,4A,Occupied,User_398,No,No
33,4B,Occupied,admin,No,No
33,4C,Available,,No,No
33,4D,Available,,No,No
33,5A,Occupied,User_833,No,No
33,5B,Occupied,User_101,No,No
33,5C,Available,,No,No
33,5D,Available,,No,No
33,6A,Available,,No,No
33,6B,Occupied,User_782,No,No
33,6C,Available,,No,No
33,6D,Available,,No,No
33,7A,Occupied,User_503,No,No
33,7B,Available,,No,No
33,7C,Available,,No,No
33,7D,Occupied,User_833,No,No
33,8A,Occupied,User_782,No,No
33,8B,Available,,No,No
33,8C,Occupied,admin,No,No
33,8D,Occupied,admin,No,No
33,9A,Occupied,User_833,No,No
33,9B,Available,,No,No
33,9C,Occupied,User_874,No,No
33,9D,Available,,No,No
33,10A,Occupied,User_632,No,No
33,10B,Occupied,User_565,No,No
33,10C,Available,,No,No
33,10D,Occupied,User_215,No,No
33,11A,Occupied,User_565,No,No
33,11B,Occupied,User_632,No,No
33,11C,Occupied,User_527,No,No
33,11D,Occupied,User_833,No,No
33,12A,Available,,No,No
33,12B,Available,,No,No
33,12C,Available,,No,No
33,12D,Available,,No,No
33,13A,Occupied,User_565,No,No
33,13B,Available,,No,No
33,13C,Occupied,User_101,No,No
33,13D,Available,,No,No
33,14A,Available,,No,No
33,14B,Available,,No,No
33,14C,Occupied,User_833,No,No
33,14D,Available,,No,No
33,15A,Available,,No,No
33,15B,Occupied,User_215,No,No
33,15C,Available,,No,No
33,15D,Available,,No,No
34,1A,Available,,No,No
34,1B,Available,,No,No
34,1C,Occupied,User_565,No,No
34,1D,Available,,No,No
34,2A,Occupied,User_527,No,No
34,2B,Available,,No,No
34,2C,Available,,No,No
34,2D,Occupied,User_527,No,No
34,3A,Occupied,User_215,No,No
34,3B,Available,,No,No
34,3C,Available,,No,No
34,3D,Available,,No,No
34,4A,Available,,No,No
34,4B,Occupied,User_565,No,No
34,4C,Occupied,User_101,No,No
34,4D,Occupied,User_398,No,No
34,5A,Occupied,User_101,No,No
34,5B,Occupied,User_215,No,No
34,5C,Available,,No,No
34,5D,Occupied,User_782,No,No
34,6A,Available,,No,No
34,6B,Available,,No,No
34,6C,Occupied,User_565,No,No
34,6D,Available,,No,No
34,7A,Available,,No,No
34,7B,Available,,No,No
34,7C,Occupied,User_398,No,No
34,7D,Occupied,User_527,No,No
34,8A,Available,,No,No
34,8B,Occupied,User_565,No,No
34,8C,Available,,No,No
34,8D,Occupied,User_215,No,No
34,9A,Available,,No,No
34,9B,Occupied,User_215,No,No
34,9C,Occupied,User_874,No,No
34,9D,Occupied,User_527,No,No
34,10A,Available,,No,No
34,10B,Occupied,User_874,No,No
34,10C,Occupied,User_101,No,No
34,10D,Available,,No,No
34,11A,Occupied,User_565,No,No
34,11B,Occupied,User_101,No,No
34,11C,Available,,No,No
34,11D,Occupied,User_874,No,No
34,12A,Occupied,User_503,No,No
34,12B,Available,,No,No
34,12C,Available,,No,No
34,12D,Occupied,User_833,No,No
34,13A,Available,,No,No
34,13B,Occupied,User_503,No,No
34,13C,Available,,No,No
34,13D,Available,,No,No
34,14A,Occupied,admin,No,No
34,14B,Occupied,User_833,No,No
34,14C,Occupied,User_874,No,No
34,14D,Occupied,User_782,No,No
34,15A,Available,,No,No
34,15B,Occupied,User_833,No,No
34,15C,Occupied,User_874,No,No
34,15D,Available,,No,No
35,1A,Available,,No,No
35,1B,Occupied,User_398,No,No
35,1C,Available,,No,No
35,1D,Occupied,User_833,No,No
35,2A,Available,,No,No
35,2B,Occupied,User_101,No,No
35,2C,Occupied,User_632,No,No
35,2D,Available,,No,No
35,3A,Occupied,User_215,No,No
35,3B,Available,,No,No
35,3C,Available,,No,No
35,3D,Occupied,User_833,No,No
35,4A,Available,,No,No
35,4B,Occupied,User_215,No,No
35,4C,Available,,No,No
35,4D,Available,,No,No
35,5A,Available,,No,No
35,5B,Available,,No,No
35,5C,Available,,No,No
35,5D,Available,,No,No
35,6A,Available,,No,No
35,6B,Occupied,User_527,No,No
35,6C,Occupied,User_215,No,No
35,6D,Occupied,User_101,No,No
35,7A,Occupied,User_874,No,No
35,7B,Available,,No,No
35,7C,Occupied,User_782,No,No
35,7D,Available,,No,No
35,8A,Occupied,User_782,No,No
35,8B,Occupied,User_565,No,No
35,8C,Occupied,User_632,No,No
35,8D,Occupied,User_632,No,No
35,9A,Occupied,User_101,No,No
35,9B,Occupied,User_565,No,No
35,9C,Available,,No,No
35,9D,Available,,No,No
35,10A,Occupied,User_565,No,No
35,10B,Available,,No,No
35,10C,Occupied,User_565,No,No
35,10D,Occupied,User_833,No,No
35,11A,Available,,No,No
35,11B,Occupied,User_101,No,No
35,11C,Occupied,User_565,No,No
35,11D,Available,,No,No
35,12A,Occupied,User_503,No,No
35,12B,Occupied,User_503,No,No
35,12C,Occupied,User_565,No,No
35,12D,Occupied,User_215,No,No
35,13A,Available,,No,No
35,13B,Occupied,User_833,No,No
35,13C,Available,,No,No
35,13D,Occupied,User_398,No,No
35,14A,Occupied,User_503,No,No
35,14B,Occupied,admin,No,No
35,14C,Available,,No,No
35,14D,Available,,No,No
35,15A,Occupied,User_782,No,No
35,15B,Occupied,User_833,No,No
35,15C,Occupied,User_565,No,No
35,15D,Available,,No,No
36,1A,Occupied,User_833,No,No
36,1B,Occupied,User_215,No,No
36,1C,Available,,No,No
36,1D,Available,,No,No
36,2A,Available,,No,No
36,2B,Occupied,User_874,No,No
36,2C,Available,,No,No
36,2D,Occupied,User_782,No,No
36,3A,Occupied,User_398,No,No
36,3B,Occupied,User_527,No,No
36,3C,Occupied,User_874,No,No
36,3D,Available,,No,No
36,4A,Occupied,User_874,No,No
36,4B,Occupied,User_632,No,No
36,4C,Occupied,User_632,No,No
36,4D,Available,,No,No
36,5A,Occupied,User_503,No,No
36,5B,Available,,No,No
36,5C,Available,,No,No
36,5D,Available,,No,No
36,6A,Occupied,User_215,No,No
36,6B,Available,,No,No
36,6C,Occupied,User_503,No,No
36,6D,Occupied,User_503,No,No
36,7A,Occupied,User_527,No,No
36,7B,Available,,No,No
36,7C,Available,,No,No
36,7D,Available,,No,No
36,8A,Occupied,User_398,No,No
36,8B,Occupied,User_527,No,No
36,8C,Occupied,User_527,No,No
36,8D,Occupied,User_215,No,No
36,9A,Occupied,User_874,No,No
36,9B,Available,,No,No
36,9C,Available,,No,No
36,9D,Available,,No,No
36,10A,Occupied,User_101,No,No
36,10B,Occupied,User_632,No,No
36,10C,Occupied,User_782,No,No
36,10D,Available,,No,No
36,11A,Available,,No,No
36,11B,Available,,No,No
36,11C,Occupied,User_527,No,No
36,11D,Occupied,User_874,No,No
36,12A,Occupied,admin,No,No
36,12B,Available,,No,No
36,12C,Available,,No,No
36,12D,Occupied,User_101,No,No
36,13A,Available,,No,No
36,13B,Available,,No,No
36,13C,Occupied,User_874,No,No
36,13D,Available,,No,No
36,14A,Available,,No,No
36,14B,Occupied,User_101,No,No
36,14C,Available,,No,No
36,14D,Occupied,User_874,No,No
36,15A,Available,,No,No
36,15B,Available,,No,No
36,15C,Occupied,User_527,No,No
36,15D,Available,,No,No
37,1A,Available,,No,No
37,1B,Occupied,admin,No,No
37,1C,Occupied,User_527,No,No
37,1D,Available,,No,No
37,2A,Available,,No,No
37,2B,Occupied,User_215,No,No
37,2C,Occupied,User_833,No,No
37,2D,Occupied,User_874,No,No
37,3A,Occupied,User_632,No,No
37,3B,Available,,No,No
37,3C,Occupied,User_833,No,No
37,3D,Available,,No,No
37,4A,Available,,No,No
37,4B,Occupied,User_215,No,No
37,4C,Available,,No,No
37,4D,Occupied,User_101,No,No
37,5A,Occupied,User_101,No,No
37,5B,Occupied,User_833,No,No
37,5C,Available,,No,No
37,5D,Available,,No,No
37,6A,Available,,No,No
37,6B,Available,,No,No
37,6C,Available,,No,No
37,6D,Occupied,User_215,No,No
37,7A,Available,,No,No
37,7B,Occupied,User_398,No,No
37,7C,Available,,No,No
37,7D,Occupied,User_503,No,No
37,8A,Occupied,User_398,No,No
37,8B,Occupied,User_527,No,No
37,8C,Available,,No,No
37,8D,Occupied,User_833,No,No
37,9A,Occupied,admin,No,No
37,9B,Occupied,User_632,No,No
37,9C,Available,,No,No
37,9D,Occupied,User_874,No,No
37,10A,Occupied,User_565,No,No
37,10B,Occupied,User_632,No,No
37,10C,Occupied,User_215,No,No
37,10D,Available,,No,No
37,11A,Available,,No,No
37,11B,Available,,No,No
37,11C,Available,,No,No
37,11D,Available,,No,No
37,12A,Available,,No,No
37,12B,Occupied,User_565,No,No
37,12C,Available,,No,No
37,12D,Available,,No,No
37,13A,Occupied,User_782,No,No
37,13B,Occupied,User_833,No,No
37,13C,Available,,No,No
37,13D,Available,,No,No
37,14A,Occupied,User_503,No,No
37,14B,Occupied,User_782,No,No
37,14C,Occupied,User_874,No,No
37,14D,Available,,No,No
37,15A,Available,,No,No
37,15B,Available,,No,No
37,15C,Occupied,User_101,No,No
37,15D,Available,,No,No
38,1A,Occupied,User_527,No,No
38,1B,Available,,No,No
38,1C,Occupied,admin,No,No
38,1D,Occupied,User_527,No,No
38,2A,Occupied,admin,No,No
38,2B,Available,,No,No
38,2C,Available,,No,No
38,2D,Occupied,User_398,No,No
38,3A,Occupied,admin,No,No
38,3B,Available,,No,No
38,3C,Occupied,admin,No,No
38,3D,Available,,No,No
38,4A,Available,,No,No
38,4B,Available,,No,No
38,4C,Available,,No,No
38,4D,Available,,No,No
38,5A,Available,,No,No
38,5B,Available,,No,No
38,5C,Available,,No,No
38,5D,Available,,No,No
38,6A,Occupied,User_527,No,No
38,6B,Available,,No,No
38,6C,Available,,No,No
38,6D,Available,,No,No
38,7A,Available,,No,No
38,7B,Available,,No,No
38,7C,Available,,No,No
38,7D,Available,,No,No
38,8A,Available,,No,No
38,8B,Occupied,User_782,No,No
38,8C,Available,,No,No
38,8D,Available,,No,No
38,9A,Available,,No,No
38,9B,Occupied,admin,No,No
38,9C,Available,,No,No
38,9D,Available,,No,No
38,10A,Available,,No,No
38,10B,Available,,No,No
38,10C,Occupied,User_398,No,No
38,10D,Occupied,User_782,No,No
38,11A,Occupied,User_527,No,No
38,11B,Occupied,admin,No,No
38,11C,Available,,No,No
38,11D,Occupied,User_874,No,No
38,12A,Occupied,User_398,No,No
38,12B,Occupied,User_874,No,No
38,12C,Occupied,User_503,No,No
38,12D,Available,,No,No
38,13A,Available,,No,No
38,13B,Available,,No,No
38,13C,Occupied,User_632,No,No
38,13D,Occupied,User_833,No,No
38,14A,Occupied,User_874,No,No
38,14B,Occupied,User_565,No,No
38,14C,Available,,No,No
38,14D,Occupied,User_527,No,No
38,15A,Occupied,User_398,No,No
38,15B,Available,,No,No
38,15C,Available,,No,No
38,15D,Occupied,User_632,No,No
39,1A,Available,,No,No
39,1B,Occupied,User_632,No,No
39,1C,Available,,No,No
39,1D,Occupied,User_874,No,No
39,2A,Occupied,User_101,No,No
39,2B,Available,,No,No
39,2C,Available,,No,No
39,2D,Available,,No,No
39,3A,Occupied,User_565,No,No
39,3B,Occupied,User_565,No,No
39,3C,Occupied,User_632,No,No
39,3D,Occupied,User_503,No,No
39,4A,Available,,No,No
39,4B,Occupied,User_398,No,No
39,4C,Available,,No,No
39,4D,Available,,No,No
39,5A,Occupied,User_874,No,No
39,5B,Available,,No,No
39,5C,Occupied,User_833,No,No
39,5D,Occupied,User_527,No,No
39,6A,Occupied,User_632,No,No
39,6B,Available,,No,No
39,6C,Occupied,User_874,No,No
39,6D,Available,,No,No
39,7A,Available,,No,No
39,7B,Available,,No,No
39,7C,Available,,No,No
39,7D,Occupied,User_101,No,No
39,8A,Occupied,admin,No,No
39,8B,Available,,No,No
39,8C,Available,,No,No
39,8D,Occupied,User_215,No,No
39,9A,Available,,No,No
39,9B,Occupied,User_833,No,No
39,9C,Available,,No,No
39,9D,Occupied,User_874,No,No
39,10A,Occupied,User_874,No,No
39,10B,Available,,No,No
39,10C,Available,,No,No
39,10D,Available,,No,No
39,11A,Occupied,admin,No,No
39,11B,Available,,No,No
39,11C,Occupied,User_101,No,No
39,11D,Occupied,User_527,No,No
39,12A,Occupied,User_503,No,No
39,12B,Occupied,User_782,No,No
39,12C,Available,,No,No
39,12D,Occupied,User_503,No,No
39,13A,Available,,No,No
39,13B,Available,,No,No
39,13C,Available,,No,No
39,13D,Occupied,User_398,No,No
39,14A,Occupied,User_632,No,No
39,14B,Available,,No,No
39,14C,Available,,No,No
39,14D,Available,,No,No
39,15A,Available,,No,No
39,15B,Occupied,User_398,No,No
39,15C,Occupied,User_503,No,No
39,15D,Available,,No,No
40,1A,Occupied,User_527,No,No
40,1B,Available,,No,No
40,1C,Occupied,User_503,No,No
40,1D,Available,,No,No
40,2A,Available,,No,No
40,2B,Occupied,User_398,No,No
40,2C,Available,,No,No
40,2D,Occupied,User_632,No,No
40,3A,Occupied,User_782,No,No
40,3B,Occupied,User_565,No,No
40,3C,Available,,No,No
40,3D,Available,,No,No
40,4A,Available,,No,No
40,4B,Available,,No,No
40,4C,Occupied,User_527,No,No
40,4D,Available,,No,No
40,5A,Occupied,User_833,No,No
40,5B,Available,,No,No
40,5C,Occupied,User_874,No,No
40,5D,Available,,No,No
40,6A,Occupied,User_833,No,No
40,6B,Available,,No,No
40,6C,Occupied,User_833,No,No
40,6D,Occupied,User_565,No,No
40,7A,Occupied,User_565,No,No
40,7B,Occupied,User_833,No,No
40,7C,Available,,No,No
40,7D,Available,,No,No
40,8A,Available,,No,No
40,8B,Available,,No,No
40,8C,Available,,No,No
40,8D,Occupied,User_215,No,No
40,9A,Occupied,User_503,No,No
40,9B,Available,,No,No
40,9C,Available,,No,No
40,9D,Available,,No,No
40,10A,Available,,No,No
40,10B,Available,,No,No
40,10C,Occupied,User_782,No,No
40,10D,Occupied,User_565,No,No
40,11A,Available,,No,No
40,11B,Available,,No,No
40,11C,Occupied,User_874,No,No
40,11D,Occupied,User_632,No,No
40,12A,Occupied,User_215,No,No
40,12B,Occupied,User_782,No,No
40,12C,Occupied,User_565,No,No
40,12D,Available,,No,No
40,13A,Occupied,User_565,No,No
40,13B,Available,,No,No
40,13C,Available,,No,No
40,13D,Occupied,User_101,No,No
40,14A,Available,,No,No
40,14B,Available,,No,No
40,14C,Available,,No,No
40,14D,Available,,No,No
40,15A,Occupied,User_215,No,No
40,15B,Available,,No,No
40,15C,Occupied,User_565,No,No
40,15D,Occupied,User_215,No,No
